Municipality Name,Contact Name,Total Number of Households ,Households Served by Municipal Program,Trash Collection Type,Trash Collection Method,Trash Disposal Tonnage,Bulky Waste,School Waste,Municipal Building Waste,Commercial Waste,Other Waste,Recycling Collection Type,Recycling Collection Method,Recycling - Dual or Single Stream,Recycling Tonnage
Abington,Sharon White,6000,5110,Curbside,,5286,,Y,Y,,,Curbside,,Single stream,955
ACTON,--- Did Not Report ---,,0,Drop-off,,0,,,,,,Drop-off,,,0
Acushnet,Henry Young,3247,886,Curbside,Semi-automated,40,,Y,Y,,,Curbside,Semi-automated,Single stream,572
Adams,Ed Driscoll,3992,1000,Drop-off,,0,,,,,,Drop off,,Dual stream,237
Agawam,Tracy Demaio,12462,8877,Curbside,,8269,,Y,Y,,,Curbside,,Dual stream,1790
ALFORD,--- Did Not Report ---,,0,Drop off,,0,,,,,,Drop off,,,0
Amesbury,Robert Desmarais,5466,0,Curbside,Automated,5332,Y,Y,Y,Y,,Curbside,Automated,Single stream,1563
Amherst,Susan Waite,10677,515,Subscription,,1218,Y,Y,Y,Y,,Subscription,,Dual stream,666
Andover,Sandy Gerraughty,10386,8783,Curbside,Semi-automated,9670,Y,Y,Y,,,Curbside,Semi-automated,Single stream,3327
AQUINNAH,--- Did Not Report ---,,0,Drop-off,,0,,,,,,Drop-off,,,0
Arlington,Ruth Yannetti,22607,22607,Curbside,,15064,Y,Y,Y,Y,,Curbside,,Single stream,4145
ASHBURNHAM,--- Did Not Report ---,,0,Drop-off,,0,,,,,,Drop-off,,,0
Ashby,John J. Pankosky,1114,200,Drop off,,72,Y,,,Y,,Drop off,,,82
Ashfield,Eric Weiss,700,700,Drop off,,384,Y,,Y,Y,,Drop off,,Dual stream,264
ASHLAND,--- Did Not Report ---,,0,Curbside,,0,,,,,,Curbside,,,0
ATHOL,--- Did Not Report ---,,0,Drop-off,,0,,,,,,Drop-off,,,0
Attleboro,Cheryl Perry,42068,13706,Curbside,,10309,Y,Y,Y,,,Curbside,,Dual stream,3809
Auburn,Amy Sullivan,7508,4980,Curbside,Automated,5103,,Y,Y,,,Curbside,Automated,Single stream,765
AVON,--- Did Not Report ---,,0,Curbside,,0,,,,,,Curbside,,,0
Ayer,Dan Nason,2982,1500,Drop off,,964,,,Y,,,Drop off,,,350
Barnstable,John Leite,28849,8864,Drop off,,9452,,,Y,Y,,Drop off,,,3180
Barre,Stephanie Bacon,2194,1500,Drop-off,"Other (including drop-off, subscription, and manual)",7840,,,,,Town of Barre msw,Drop-off,"Other (including drop-off, subscription, no service, and manual)",Dual stream,420
BECKET,--- Did Not Report ---,,0,Drop off,,0,,,,,,Drop off,,,0
Bedford,April Delano,4114,4114,Curbside,,4344,Y,Y,Y,,,Curbside,,Dual stream,1759
BELCHERTOWN,--- Did Not Report ---,,0,Drop off,,0,,,,,,Drop off,,,0
Bellingham,Denis Fraine,5853,5000,Curbside,,7000,Y,Y,Y,,,Curbside,,Dual stream,879
Belmont,Peter J. Castanino,7865,7791,Curbside,Automated,8368,Y,Y,Y,,,Curbside,Automated,Dual stream,2351
Berkley,Scott A. Fournier,2400,876,Drop off,,518,Y,Y,Y,,,Drop off,,Single stream,323
BERLIN,--- Did Not Report ---,,0,Drop-off,,0,,,,,,Drop-off,,,0
Bernardston,Jan Ameen,799,720,Drop off,,331,,,,,,Drop off,,Dual stream,170
Beverly,Peter Seamans,49000,13170,Curbside,,13069,Y,Y,Y,Y,,Curbside,,Dual stream,3842
Billerica,Mary Delahanty,13144,12600,Curbside,Automated,14628,Y,Y,Y,,,Curbside,,Dual stream,3342
Blackstone,William T. Walsh,3400,3400,Curbside,Automated,2300,,,Y,,,Curbside,Automated,Dual stream,2200
BLANDFORD,--- Did Not Report ---,,0,Drop-off,,0,,,,,,Drop-off,,,0
Bolton,Shelly Otoole,1678,1678,Drop off,,699,Y,,Y,Y,,Drop off,,,396
Boston,Susan Cascino,277787,277787,Curbside,,208886,Y,,Y,,,Curbside,Semi-automated,Single stream,21600
BOURNE,--- Did Not Report ---,,0,Curbside,,0,,,,,,Curbside,,,0
Boxborough,Thomas Garmon,1968,1290,Drop off,"Other (including drop-off, subscription, and manual)",1045,Y,,Y,,,Drop off,"Other (including drop-off, subscription, no service, and manual)",Single stream,341
BOXFORD,--- Did Not Report ---,,0,Curbside,,0,,,,,,Curbside,,,0
BOYLSTON,--- Did Not Report ---,,0,Subscription,,0,,,,,,Subscription,,,0
Braintree,Rosemary Nolan,10205,9710,Curbside,,12926,Y,Y,Y,,,Curbside,Semi-automated,Single stream,2306
Brewster,Robert Bersin,7545,3825,Drop off,,4651,Y,,,Y,,Drop off,,,635
BRIDGEWATER,--- Did Not Report ---,,0,Drop-off,,0,,,,,,Drop-off,,,0
BRIMFIELD,--- Did Not Report ---,,0,Drop-off,,0,,,,,,Subscription,,,0
Brockton,Patrick Sullivan,36000,28000,Curbside,,25000,,,,,,Curbside,,Dual stream,5000
Brookfield,Lucinda Thompson,1300,750,Drop off,,440,Y,,Y,Y,,Drop off,,Dual stream,139
Brookline,Ed Gilbert,26938,13255,Curbside,,10181,Y,Y,Y,Y,There are 45 commercial and religious units picked up by Town waste vehicles,Curbside,,Dual stream,4674
Buckland,Jan Ameen,900,675,Drop off,,240,,,,,,Drop off,,Dual stream,143
BURLINGTON,--- Did Not Report ---,,0,Curbside,,0,,,,,,Curbside,,,0
Cambridge,Randi Mail,42615,30294,Curbside,,18246,Y,Y,Y,Y,"30,294 HH get municipal trash and 41,336 HH get municipal recycling",Curbside,Semi-automated,Dual stream,12677
CANTON,--- Did Not Report ---,,0,Curbside,,0,,,,,,Curbside,,,0
Carlisle,Timothy D. Goddard,1638,960,Drop off,,1795,Y,Y,Y,Y,,Drop off,,,795
Carver,Robert Tinkham Jr.,3233,2246,Subscription,,3900,Y,Y,Y,Y,,Subscription,,,119
Charlemont,Jan Ameen,805,745,Drop off,,187,,,,,,Drop off,,Dual stream,98
CHARLTON,--- Did Not Report ---,,0,Subscription,,0,,,,,,Subscription,,,0
Chatham,Jeff Colby,6530,4484,Drop off,,5696,,Y,Y,Y,,Drop off,,,1132
Chelmsford,Jennifer V. Almeidad,13385,13385,Curbside,,12634,Y,Y,Y,,all residential properties including apartments and condominiums,Curbside,,Dual stream,3797
Chelsea,Joseph C. Foti,13144,10220,Curbside,,11565,Y,,Y,,Chelsea Housing Authority,Curbside,,Dual stream,418
Cheshire,Rick Salvi,1367,1000,Drop off,,898,Y,,Y,,,Drop off,,Dual stream,141
CHESTER,--- Did Not Report ---,,0,Drop off,,0,,,,,,Drop off,,,0
Chesterfield,Eric Weiss,500,500,Drop off,,165,Y,Y,Y,Y,,Drop off,,Dual stream,108
Chicopee,Barry Brouillard,24320,18800,Curbside,,15800,,,Y,Y,,Curbside,,Dual stream,2933
CHILMARK,--- Did Not Report ---,,0,Drop-off,,0,,,,,,Drop-off,,,0
Clarksburg,Carl Mckinney,659,0,Drop-off,,0,,,,,Private subscription only.  No municipal program.,Drop-off,,Dual stream,0
Clinton,Michael J. Ward,5896,3742,Curbside,,2185,,Y,Y,,,Drop off,,,375
Cohasset,Carl Sestito,2861,2705,Drop off,,1509,,Y,Y,Y,,Drop off,,,846
Colrain,Jan Ameen,600,450,Drop off,,214,,,,,,Drop off,,Dual stream,127
Concord,Rod Robison,5100,3332,Curbside,,2383,,Y,Y,,,Curbside,,Dual stream,2411
Conway,Jan Ameen,661,661,Drop off,,497,,,,,,Drop off,,Dual stream,216
Cummington,Eric Weiss,400,400,Drop off,,239,Y,,Y,Y,,Drop off,,Dual stream,132
DALTON,--- Did Not Report ---,,0,Drop off,,0,,,,,,Drop off,,,0
Danvers,Martha Duffield,10607,7300,Curbside,,8140,Y,Y,Y,,"Bulky waste includes furniture, but not metal or TV's",Curbside,,Dual stream,2026
DARTMOUTH,--- Did Not Report ---,,0,Curbside,,0,,,,,,Curbside,,,0
Dedham,Virginia Leclair,8892,7808,Curbside,Automated,8034,Y,Y,Y,,,Curbside,Automated,Dual stream,1616
Deerfield,Jan Ameen,1705,1145,Drop off,,1146,,,,,,Drop off,,Dual stream,404
Dennis,David Johansen,13439,4327,Drop off,,7984,Y,,Y,Y,,Drop off,,Dual stream,1474
Devens,Joseph A. Giuliano,206,0,Drop-off,,81,Y,,Y,Y,,Drop off,,Dual stream,39
DIGHTON,--- Did Not Report ---,,0,Curbside,,0,,,,,,Curbside,,,0
Douglas,Marleen Bacon,2945,1330,Drop-off,,968,Y,,Y,,,Drop-off,,Single stream,181
DOVER,--- Did Not Report ---,,0,Drop-off,,0,,,,,,Drop-off,,,0
Dracut,Matt Zettek,11148,9890,Curbside,,11876,Y,Y,Y,,,Curbside,,Dual stream,1974
DUDLEY,--- Did Not Report ---,,0,Drop-off,,0,,,,,,Drop-off,,,0
Dunstable,Joan Ferrari,1460,600,Drop off,"Other (including drop-off, subscription, and manual)",454,Y,,Y,,,Drop off,"Other (including drop-off, subscription, no service, and manual)",Dual stream,205
Duxbury,Peter Buttkus,5700,4400,Drop off,,2508,,,,Y,,Drop off,,Single stream,2135
East Bridgewater,John Haines,4235,3500,Curbside,Semi-automated,2278,Y,Y,Y,Y,,Curbside,Semi-automated,Dual stream,1087
East Brookfield,Donna Wentzell,938,905,Curbside,Semi-automated,553,Y,,Y,Y,,Curbside,Semi-automated,Dual stream,160
East Longmeadow,Nick Breault,5200,5200,Curbside,,3719,,Y,Y,,,Curbside,,Dual stream,1714
Eastham,Neil Andres,5500,3500,Drop off,,2754,,Y,Y,Y,national park service - cape cod national seashore,Drop off,,,685
Easthampton,Stuart Beckley,7700,0,Subscription,,120,,Y,Y,,,Drop off,,Dual stream,40
Easton,Maurice Goulet,5705,2791,Curbside,Automated,2526,,Y,Y,,,Curbside,,Single stream,810
EDGARTOWN,--- Did Not Report ---,,0,Drop-off,,0,,,,,,Drop-off,,,0
Egremont,Mary Brazie & Juliette Haas,786,786,Drop off,,494,Y,Y,Y,Y,,Drop off,,Single stream,258
Erving,Jan Ameen,583,583,Curbside,,361,,,,,,Curbside,,Dual stream,187
ESSEX,--- Did Not Report ---,,0,Drop off,,0,,,,,,Drop off,,,0
Everett,Jon Norton,16500,13644,Curbside,,16737,Y,Y,Y,Y,,Curbside,Semi-automated,Single stream,2592
Fairhaven,Patricia Fowle,6855,6399,Curbside,Semi-automated,6180,Y,Y,Y,Y,,Curbside,,Dual stream,935
Fall River,Betsey Westell,40408,33000,Curbside,,41117,Y,,,,,Curbside,,Dual stream,1930
Falmouth,John T. Lyons,31357,31357,Curbside,,13318,Y,,,,,Curbside,,Single stream,4080
Fitchburg,Stephen D. Curry,13553,13200,Curbside,,19000,Y,Y,Y,,,Curbside,,Single stream,1182
Florida,Duane Mundy,265,225,Drop off,,423,Y,Y,Y,,,Drop off,,Dual stream,96
FOXBOROUGH,--- Did Not Report ---,,0,Curbside,,0,,,,,,Curbside,,,0
Framingham,Michael Lavin,26173,26003,Curbside,,16178,,,,,condos & drop-off center,Curbside,,Single stream,5349
Franklin,Chris White,10500,8650,Curbside,,8826,Y,Y,Y,,,Curbside,,Dual stream,2782
Freetown,John F. Healey,2936,2500,Curbside,,3148,,,Y,,,Curbside,,,171
Gardner,Bernard Sullivan,8200,6600,Curbside,,4043,Y,Y,Y,,,Curbside,,Single stream,1656
GEORGETOWN,--- Did Not Report ---,,0,Subscription,,0,,,,,,Subscription,,,0
Gill,Jan Ameen,650,650,Curbside,,203,,,,,,Curbside,,Dual stream,127
Gloucester,Rose Lopiccolo,13000,12000,Curbside,,6695,Y,Y,Y,,,Curbside,,Dual stream,2987
Goshen,Eric Weiss,375,375,Drop-off,,160,Y,,Y,Y,,Drop-off,,Dual stream,125
Gosnold,Seth Garfield,114,114,Curbside,Automated,40,Y,Y,Y,Y,waste from visiting yachtsman during the boating season,Curbside,Automated,Dual stream,45
Grafton,Doreen Defazio,6971,4800,Curbside,,4000,Y,Y,Y,,,Curbside,,Single stream,1200
Granby,Christopher Martin,2821,1856,Drop off,,3845,Y,Y,Y,,,Drop off,,Dual stream,589
GRANVILLE,--- Did Not Report ---,,0,Drop off,,0,,,,,,Drop off,,,0
GREAT BARRINGTON,--- Did Not Report ---,,0,Drop off,,0,,,,,,Drop off,,,0
Greenfield,Janine Greaves,5902,5237,Curbside,,3923,Y,Y,Y,,,Curbside,,Dual stream,1673
Groton,Tom Delaney,3395,1331,Drop off,,1270,Y,,Y,,small businesses that are also residents,Drop off,,,262
Groveland,Lori Bentsen,2238,2034,Curbside,,2368,Y,,Y,,,Curbside,,Dual stream,449
HADLEY,--- Did Not Report ---,,0,Drop-off,,0,,,,,,Drop-off,,,0
Halifax,Susan Johnston,2945,2265,Curbside,,878,Y,Y,Y,,,Curbside,,Dual stream,396
Hamilton,John Tomasz,2379,2379,Curbside,Semi-automated,1884,Y,,Y,Y,,Curbside,Semi-automated,Dual stream,975
HAMPDEN,--- Did Not Report ---,,0,Drop-off,,0,,,,,,Drop-off,,,0
Hancock,John Quimby,296,260,Drop off,,228,Y,Y,Y,,,Drop off,,Dual stream,55
Hanover,Victor Diniak,4349,4349,Drop off,,4498,,Y,Y,,,Drop off,,,1035
Hanson,Karen Doucette,3523,3523,Drop off,,3603,,,,Y,,Drop off,,Dual stream,415
Hardwick,Abbie White,753,383,Subscription,,0,Y,Y,Y,Y,,Drop off,,,128
Harvard,Richard C Nota,1928,1420,Drop off,,1303,,,Y,,,Drop off,,Dual stream,468
Harwich,Lincoln Hooper,12880,12800,Drop off,,7399,,Y,Y,Y,,Drop off,,Single stream,518
HATFIELD,--- Did Not Report ---,,0,Drop-off,,0,,,,,,Drop-off,,,0
Haverhill,Stephen Clifford,24000,21500,Curbside,,24254,Y,Y,Y,Y,,Curbside,,Single stream,2564
Hawley,Jan Ameen,336,0,Subscription,,0,,,,,,Subscription,,Dual stream,0
Heath,Jan Ameen,365,253,Drop off,,209,,,,,,Drop off,,Dual stream,62
Hingham,Randy Sylvester,7189,7189,Drop off,,6673,,,Y,,,Drop off,,,2019
Hinsdale,Herbert Ferry,739,450,Drop off,,472,Y,,Y,,,Drop off,,Dual stream,114
HOLBROOK,--- Did Not Report ---,,0,Curbside,,0,,,,,,Curbside,,,0
Holden,Dennis J. Lipka,6566,5450,Curbside,Semi-automated,4228,Y,,Y,,,Curbside,Semi-automated,Single stream,2254
HOLLAND,--- Did Not Report ---,,0,Subscription,,0,,,,,,Subscription,,,0
Holliston,Andrea Minihan,4826,4417,Curbside,Semi-automated,4052,Y,Y,,Y,,Curbside,Semi-automated,Single stream,1831
Holyoke,Timothy E. Price Sr.,17259,16917,Curbside,,8241,Y,,,,transfer station,Curbside,,Dual stream,1706
HOPEDALE,--- Did Not Report ---,,0,Curbside,,0,,,,,,Curbside,,,0
Hopkinton,David Daltorio,5047,4458,Curbside,,4458,Y,Y,Y,,,Curbside,,Dual stream,1748
Hubbardston,Sandra J. Knipe,1823,0,Subscription,,0,,,,,,Subscription,,Dual stream,0
HUDSON,--- Did Not Report ---,,0,Drop-off,,0,,,,,,Drop-off,,,0
HULL,--- Did Not Report ---,,0,Subscription,,0,,,,,,Drop-off,,,0
Huntington,Eric Weiss,875,875,Drop off,,494,Y,,Y,Y,,Drop off,,Dual stream,262
Ipswich,Rick Clarke,5450,4827,Curbside,,3798,Y,Y,Y,Y,,Curbside,,Single stream,1370
Kingston,Paul Basler,4248,2890,Drop off,,4241,,,Y,Y,,Drop off,,,368
LAKEVILLE,--- Did Not Report ---,,0,Drop off,,0,,,,,,Drop off,,,0
Lancaster,Orlando Pacheco,2244,0,Subscription,,0,Y,,Y,,,Drop-off,,,121
Lanesborough,Paul Boudreau,1203,300,Subscription,,0,,,,,Municipal Drop-Off Recycling Only.  Private subscription.  Households using is anecdotal.,Drop off,,Dual stream,88
Lawrence,Joel Chalas,24463,20500,Curbside,Automated,29144,Y,Y,Y,Y,,Curbside,,Dual stream,1121
Lee,Jamie Cahillane,2442,0,Subscription,,0,,,,,,Subscription,,Dual stream,0
Leicester,Ruth Kaminski,3322,635,Subscription,,0,,,,,,Drop off,,,1389
Lenox,Jamie Cahillane,2000,0,Subscription,,0,,,,,,Subscription,,Dual stream,0
Leominster,Christopher J. Knuth,12580,11500,Curbside,Semi-automated,9455,Y,Y,Y,,,Curbside,Semi-automated,Single stream,2335
Leverett,Jan Ameen,854,550,Drop off,,195,,,Y,,,Drop off,,Dual stream,163
Lexington,Robert Beaudoin,11427,10982,Curbside,,8563,Y,Y,Y,,,Curbside,,Dual stream,4634
Leyden,Jan Ameen,771,0,Subscription,,0,,,,,,Subscription,,Dual stream,0
LINCOLN,--- Did Not Report ---,,0,Drop off,,0,,,,,,Drop off,,,0
Littleton,Jim Clyde,3300,1900,Drop off,,2186,Y,,,,,Drop off,,Dual stream,599
Longmeadow,Mike Wrabel,6200,5500,Curbside,,3537,,Y,Y,Y,,Curbside,,Dual stream,2047
Lowell,Gunther Wellenstein,38000,25000,Curbside,Automated,30106,,,,,,Curbside,,Dual stream,4019
Ludlow,Jim Goodreau,7000,6800,Curbside,Semi-automated,6684,Y,,Y,,,Curbside,Semi-automated,Dual stream,1383
Lunenburg,Laura Williams,3800,3200,Curbside,Semi-automated,1385,,Y,Y,,,Curbside,Semi-automated,Single stream,718
Lynn,Manny Alcantara,32000,27388,Curbside,,33139,Y,Y,Y,Y,,Curbside,,Dual stream,2269
LYNNFIELD,--- Did Not Report ---,,0,Curbside,,0,,,,,,Curbside,,,0
Malden,Ron Zanazzo,22496,18283,Curbside,,10332,Y,Y,Y,Y,,Curbside,,Dual stream,3590
MANCHESTER,--- Did Not Report ---,,0,Curbside,,0,,,,,,Curbside,,,0
Mansfield,Betty Amicone,9700,6563,Curbside,Automated,5134,,,,Y,,Curbside,Automated,Single stream,2673
Marblehead,Wayne Attridge,8450,8450,Curbside,Automated,9135,Y,Y,Y,Y,,Curbside,Automated,Dual stream,2312
MARION,--- Did Not Report ---,,0,Curbside,,0,,,,,,Curbside,,,0
Marlborough,Tom Temple,12500,12500,Curbside,,13994,Y,Y,Y,,,Curbside,,Dual stream,16959
Marshfield,Debbie Sullivan,9500,9260,Curbside,,8255,Y,Y,Y,Y,,Curbside,,Dual stream,3074
Mashpee,Catherine Laurent,9433,4724,Drop off,,3885,,,,,,Drop off,,Single stream,749
MATTAPOISETT,--- Did Not Report ---,,0,Curbside,,0,,,,,,Curbside,,,0
MAYNARD,--- Did Not Report ---,,0,Curbside,,0,,,,,,Curbside,,,0
MEDFIELD,--- Did Not Report ---,,0,Drop off,,0,,,,,,Drop off,,,0
Medford,Donna Walsh,15723,15723,Curbside,Semi-automated,22675,Y,,Y,Y,,Curbside,Semi-automated,Dual stream,2626
Medway,Tom Holder,4500,3870,Curbside,Semi-automated,3155,Y,Y,Y,,,Curbside,Semi-automated,Dual stream,1573
Melrose,Mary Beth Calnan,11981,8759,Curbside,,8375,Y,Y,Y,,,Curbside,,Dual stream,2055
MENDON,--- Did Not Report ---,,0,Curbside,,0,,,,,,Curbside,,,0
Merrimac,Carol Mcleod,2800,2300,Curbside,,980,Y,,Y,,,Curbside,,,550
Methuen,Matt Zettek,17361,13654,Curbside,,16422,Y,Y,Y,,,Curbside,,Dual stream,2342
MIDDLEBOROUGH,--- Did Not Report ---,,0,Curbside,,0,,,,,,Curbside,,,0
Middlefield,Eric Weiss,200,200,Drop off,,136,Y,,Y,Y,,Drop off,,Dual stream,76
MIDDLETON,--- Did Not Report ---,,0,Drop off,,0,,,,,,Drop off,,,0
Milford,Paul A. Mazzuchelli,9375,8900,Curbside,Automated,8815,Y,Y,Y,,,Curbside,Automated,Dual stream,1455
MILLBURY,--- Did Not Report ---,,0,Drop-off,,0,,,,,,Drop-off,,,0
MILLIS,--- Did Not Report ---,,0,Drop off,,0,,,,,,Drop off,,,0
Millville,Sherry Grant,1326,1326,Curbside,,1104,,,Y,,"occasionally bulky, not often",Curbside,,Dual stream,241
Milton,John Thompson,8690,8690,Curbside,"Other (including drop-off, subscription, and manual)",4930,Y,Y,Y,Y,,Curbside,"Other (including drop-off, subscription, no service, and manual)",Dual stream,3156
MONROE,--- Did Not Report ---,,0,Curbside,,0,,,,,,Curbside,,,0
MONSON,--- Did Not Report ---,,0,Curbside,,0,,,,,,Curbside,,,0
Montague,Jan Ameen,2741,2372,Curbside,,1168,,,,,,Curbside,,Dual stream,672
MONTEREY,--- Did Not Report ---,,0,Drop off,,0,,,,,,Drop off,,,0
MONTGOMERY,--- Did Not Report ---,,0,Subscription,,0,,,,,,Curbside,,,0
MOUNT WASHINGTON,--- Did Not Report ---,,0,Drop-off,,0,,,,,,Drop-off,,,0
NAHANT,--- Did Not Report ---,,0,Curbside,,0,,,,,,Curbside,,,0
NANTUCKET,--- Did Not Report ---,,0,Drop-off,,0,,,,,,Drop-off,,,0
Natick,Thomas Hladick,11521,38000,Curbside,,5920,Y,Y,Y,,Park Barrels,Curbside,,Single stream,3130
NEEDHAM,--- Did Not Report ---,,0,Drop-off,,0,,,,,,Drop-off,,,0
New Ashford,John D. Haig,94,50,Subscription,,0,,,,,,Drop off,,Dual stream,15
New Bedford,Marissa Perez-dormitzer,38689,33197,Curbside,,38919,Y,Y,Y,Y,,Curbside,,Dual stream,3552
NEW BRAINTREE,--- Did Not Report ---,,0,Subscription,,0,,,,,,Subscription,,,0
NEW MARLBOROUGH,--- Did Not Report ---,,0,Subscription,,0,,,,,,Drop-off,,,0
New Salem,Jan Ameen,470,300,Drop off,,160,,,,,,Drop off,,Dual stream,86
Newbury,Ron Toleos,2516,1623,Drop off,,1507,Y,,Y,,,Drop off,,Dual stream,2315
Newburyport,Molly Ettenborough,7854,7854,Curbside,,6101,Y,Y,Y,Y,,Curbside,Semi-automated,Single stream,2501
Newton,Courtney Forrester,32816,26500,Curbside,Automated,23000,Y,Y,Y,,,Curbside,Automated,Single stream,11149
Norfolk,Robert J. Mcghee,3045,1278,Drop off,,1088,Y,,Y,,,Drop off,,,560
NORTH ADAMS,--- Did Not Report ---,,0,Drop-off,,0,,,,,,Drop-off,,,0
North Andover,Bruce D. Thibodeau,11000,8269,Curbside,Semi-automated,9206,Y,Y,Y,Y,,Curbside,Semi-automated,Single stream,2344
North Attleborough,Michele C. Bernier,9836,8206,Curbside,Semi-automated,4486,Y,,,,both curbside trash and transfer station trash,Curbside,Automated,Single stream,3077
North Brookfield,John Alphin,1581,1300,Drop off,,710,Y,,Y,Y,,Drop off,,,202
North Reading,Mark Clark,5103,4363,Curbside,Semi-automated,5149,,Y,Y,,,Curbside,Semi-automated,Dual stream,1463
Northampton,Karen Bouquillon,14296,5918,Drop off,,3095,,,,Y,"DPW facilities- Administration, Water, Recreation, etc.",Drop off,,Dual stream,1829
Northborough,Fred Litchfield,4900,4133,Curbside,,2153,Y,Y,Y,,,Curbside,,Dual stream,1177
NORTHBRIDGE,--- Did Not Report ---,,0,Subscription,,0,,,,,,Subscription,,,0
Northfield,Jan Ameen,1610,970,Drop off,,400,,,,,,Drop off,,Dual stream,276
NORTON,--- Did Not Report ---,,0,Subscription,,0,,,,,,Subscription,,,0
Norwell,Joanne M. Dirk,3500,3500,Curbside,,3962,Y,Y,Y,,,Curbside,,Dual stream,1944
Norwood,Doris Burtman,11500,9241,Curbside,Automated,5873,Y,Y,Y,,,Curbside,Automated,Single stream,2653
OAK BLUFFS,--- Did Not Report ---,,0,Curbside,,0,,,,,,Drop-off,,,0
OAKHAM,--- Did Not Report ---,,0,Subscription,,0,,,,,,Subscription,,,0
Orange,Priscilla Curtis,3107,1351,Drop off,,639,,,,,,Drop off,,Dual stream,365
ORLEANS,--- Did Not Report ---,,0,Drop off,,0,,,,,,Drop off,,,0
OTIS,--- Did Not Report ---,,0,Drop off,,0,,,,,,Drop off,,,0
Oxford,Sean Divoll,5443,0,Subscription,,45000,,Y,Y,Y,,Subscription,,,0
Palmer,Patricia Kennedy,5300,0,Subscription,,120,,,Y,,,Drop off,,Dual stream,174
PAXTON,--- Did Not Report ---,,0,Curbside,,0,,,,,,Curbside,,,0
Peabody,Bert Maria,14955,12059,Curbside,,21467,Y,Y,Y,,,Curbside,,Dual stream,4287
PELHAM,--- Did Not Report ---,,0,Subscription,,0,,,,,,Drop-off,,,0
Pembroke,Lisa Cullity,6400,6200,Curbside,Semi-automated,7015,Y,Y,Y,,,Curbside,,,1923
PEPPERELL,--- Did Not Report ---,,0,Drop off,,0,,,,,,Drop off,,,0
Peru,Peter Loboda,327,250,Drop off,,233,Y,,Y,,,Drop off,,Dual stream,58
PETERSHAM,--- Did Not Report ---,,0,Drop off,,0,,,,,,Drop off,,,0
PHILLIPSTON,--- Did Not Report ---,,0,Drop off,,0,,,,,,Drop off,,,0
Pittsfield,Bruce Collingwood,25000,16000,Curbside,Semi-automated,15931,Y,,,,,Curbside,Semi-automated,Dual stream,2206
Plainfield,Eric Weiss,235,235,Drop off,,114,Y,,Y,Y,,Drop off,,Dual stream,91
Plainville,Deborah J . Revelle,3395,1736,Curbside,,1262,Y,Y,Y,,,Curbside,,Dual stream,614
Plymouth,Kerin Mccall,20923,10009,Drop off,,13009,,Y,Y,,,Drop off,,,2286
PLYMPTON,--- Did Not Report ---,,0,Drop off,,0,,,,,,Drop off,,,0
PRINCETON,--- Did Not Report ---,,0,Subscription,,0,,,,,,Subscription,,,0
Provincetown,Sandra M. Turner,4716,3313,Curbside,,3351,,Y,Y,Y,,Curbside,,,907
Quincy,John Sullivan,38339,31855,Curbside,,30451,Y,Y,Y,,,Curbside,,Single stream,4768
Randolph,Judith S. Gangel,9201,8650,Curbside,,10014,Y,Y,Y,,,Curbside,,Dual stream,1260
RAYNHAM,--- Did Not Report ---,,0,Drop off,,0,,,,,,Drop off,,,0
Reading,Michael O'halloran,8446,8029,Curbside,,8430,Y,Y,Y,,,Curbside,,Dual stream,2195
REHOBOTH,--- Did Not Report ---,,0,Drop-off,,0,,,,,,Drop-off,,,0
REVERE,--- Did Not Report ---,,0,Curbside,,0,,,,,,Curbside,,,0
Richmond,Matt Kerwood,833,833,Curbside,,631,Y,Y,Y,,,Curbside,,Dual stream,115
ROCHESTER,--- Did Not Report ---,,0,Curbside,,0,,,,,,Curbside,,,0
Rockland,Janice Mccarthy,6579,4895,Curbside,,5126,Y,Y,Y,,,Curbside,,Dual stream,1006
ROCKPORT,--- Did Not Report ---,,0,Drop off,,0,,,,,,Drop off,,,0
Rowe,Jan Ameen,180,180,Drop off,,148,,,,,,Drop off,,Dual stream,45
ROWLEY,--- Did Not Report ---,,0,Subscription,,0,,,,,,Drop-off,,,0
ROYALSTON,--- Did Not Report ---,,0,Drop-off,,0,,,,,,Drop-off,,,0
RUSSELL,--- Did Not Report ---,,0,Drop-off,,0,,,,,,Drop-off,,,0
RUTLAND,--- Did Not Report ---,,0,Subscription,,0,,,,,,Subscription,,,0
Salem,Julie Rose,18175,12676,Curbside,,12611,Y,Y,Y,Y,,Curbside,,Dual stream,2809
Salisbury,Lisa Pearson,4944,0,Subscription,,97,,,Y,Y,"parks, town clean up, beach, town pier",Drop off,,Dual stream,82
SANDISFIELD,--- Did Not Report ---,,0,Drop-off,,0,,,,,,Drop-off,,,0
Sandwich,Paul S. Tilton,7500,5500,Drop off,,6696,,Y,Y,Y,,Drop off,,Dual stream,350
Saugus,Lorna Cerbone,9975,8758,Curbside,,8423,Y,Y,Y,,,Curbside,,Dual stream,1960
Savoy,Barbara Belisle,287,128,Drop off,,81,Y,,Y,,,Drop off,,Dual stream,28
Scituate,Kevin Cafferty,6804,5220,Drop off,,3371,,,Y,,,Drop off,,,1791
SEEKONK,--- Did Not Report ---,,0,Curbside,,0,,,,,,Curbside,,,0
Sharon,Liz Curley,5669,4922,Curbside,,6048,,Y,Y,,,Curbside,,,1237
SHEFFIELD,--- Did Not Report ---,,0,Drop off,,0,,,,,,Drop off,,,0
Shelburne,Jan Ameen,614,583,Drop off,,318,,,,,,Drop off,,Dual stream,146
Sherborn,Carol Rubenstein,1437,1437,Drop off,,1623,,Y,Y,Y,,Drop off,,Dual stream,701
Shirley,Dawn Mccall,2500,1730,Curbside,,1414,Y,,Y,,,Curbside,,Dual stream,1335
Shrewsbury,Daniel Morgado,12000,10000,Curbside,,8722,Y,Y,Y,,,Curbside,,Dual stream,3161
Shutesbury,Gary Bernhard,810,810,Curbside,,345,Y,Y,Y,Y,,Curbside,,Single stream,211
SOMERSET,--- Did Not Report ---,,0,Curbside,,0,,,,,,Curbside,,,0
Somerville,Vithal Deshpande,31101,29000,Curbside,Semi-automated,24226,Y,Y,Y,Y,,Curbside,Semi-automated,Dual stream,4025
South Hadley,Veronique Blanchard Smith,6787,5855,Curbside,,4428,Y,,,,,Curbside,,Dual stream,1412
Southampton,Edward Cauley,2320,1600,Drop off,,791,Y,Y,Y,Y,"parks ,parking lots,ballfields and cemetery",Drop off,,Dual stream,1090
SOUTHBOROUGH,--- Did Not Report ---,,0,Drop off,,0,,,,,,Drop off,,,0
Southbridge,Melissa Joyce,8087,6202,Curbside,,5704,Y,Y,Y,,,Curbside,Semi-automated,Single stream,1083
SOUTHWICK,--- Did Not Report ---,,0,Drop-off,,0,,,,,,Drop-off,,,0
Spencer,"Steven J. Tyler, P.E., Superintendent of Utilities & Facilities",5450,2568,Drop-off,"Other (including drop-off, subscription, and manual)",1800,Y,Y,Y,Y,,Drop-off,"Other (including drop-off, subscription, no service, and manual)",Dual stream,541
Springfield,Greg Superneau,62000,44000,Curbside,Automated,44700,,,Y,,,Curbside,Semi-automated,Single stream,4700
STERLING,--- Did Not Report ---,,0,Curbside,,0,,,,,,Curbside,,,0
STOCKBRIDGE,--- Did Not Report ---,,0,Drop off,,0,,,,,,Drop off,,,0
Stoneham,Dan Dragani,22200,8000,Curbside,,8465,Y,Y,Y,,,Curbside,,Dual stream,1511
STOUGHTON,--- Did Not Report ---,,0,Curbside,,0,,,,,,Curbside,,,0
STOW,--- Did Not Report ---,,0,Subscription,,0,,,,,,Subscription,,,0
Sturbridge,Linda Cocalis,4000,1600,Drop off,,814,Y,,,,,Drop off,,Dual stream,268
SUDBURY,--- Did Not Report ---,,0,Drop-off,,0,,,,,,Drop-off,,,0
Sunderland,Jan Ameen,1113,0,Subscription,,0,,,,,,Subscription,,,0
Sutton,Mark Brigham,3695,1008,Drop off,,574,Y,,,,,Drop off,,Single stream,332
Swampscott,Jeff Vaughan,5690,4960,Curbside,,4974,Y,Y,Y,Y,waste from parks and beaches,Curbside,Semi-automated,Dual stream,1109
SWANSEA,--- Did Not Report ---,,0,Curbside,,0,,,,,,Curbside,,,0
Taunton,Angela Santos,23000,17163,Curbside,,13605,Y,Y,Y,,,Curbside,,Dual stream,4013
Templeton,Joyce E. Crouse,3500,0,Subscription,,0,,,,,,Subscription,,,0
Tewksbury,Richard Montuori,10434,9820,Curbside,Automated,10000,Y,Y,Y,,,Curbside,"Other (including drop-off, subscription, no service, and manual)",Dual stream,1934
TISBURY,--- Did Not Report ---,,0,Curbside,,0,,,,,,Curbside,,,0
TOLLAND,--- Did Not Report ---,,0,Drop-off,,0,,,,,,Drop-off,,,0
TOPSFIELD,--- Did Not Report ---,,0,Curbside,,0,,,,,,Curbside,,,0
Townsend,Carla Walter,3436,3200,Curbside,,3044,,,Y,,,Curbside,,Dual stream,593
TRURO,--- Did Not Report ---,,0,Drop off,,0,,,,,,Drop off,,,0
TYNGSBOROUGH,--- Did Not Report ---,,0,Curbside,,0,,,,,,Curbside,,,0
TYRINGHAM,--- Did Not Report ---,,0,Drop off,,0,,,,,,Drop off,,,0
UPTON,--- Did Not Report ---,,0,Curbside,,0,,,,,,Curbside,,,0
UXBRIDGE,--- Did Not Report ---,,0,Subscription,,0,,,,,,Drop off,,,0
WAKEFIELD,--- Did Not Report ---,,0,Curbside,,0,,,,,,Curbside,,,0
WALES,--- Did Not Report ---,,0,Drop-off,,0,,,,,,Drop-off,,,0
Walpole,Robin Chapell,8400,7400,Curbside,,7417,Y,Y,Y,,,Curbside,,Dual stream,1743
Waltham,Eileen Zubrowski,24000,16322,Curbside,,20660,,Y,Y,,,Curbside,,Dual stream,3808
WARE,--- Did Not Report ---,,0,Subscription,,0,,,,,,Subscription,,,0
Wareham,Marilyn Field,14000,14000,Drop off,,14169,Y,Y,Y,,,Drop off,,,1486
Warren,Robert Downing,5000,650,Drop off,,780,Y,,,,,Drop off,,,251
Warwick,Jan Ameen,262,250,Drop off,,108,,,,,,Drop off,,Dual stream,67
WASHINGTON,--- Did Not Report ---,,0,Drop off,,0,,,,,,Drop off,,,0
Watertown,"Gerald S. Mee, Jr.",15148,14240,Curbside,,10994,,Y,Y,Y,,Curbside,,Dual stream,1982
WAYLAND,--- Did Not Report ---,,0,Drop off,,0,,,,,,Drop off,,,0
WEBSTER,--- Did Not Report ---,,0,Drop-off,,0,,,,,,Drop-off,,,0
Wellesley,Gordon Martin,8182,8182,Drop off,,8066,Y,,Y,Y,,Drop off,,,5252
Wellfleet,Mark Vincent,4354,4354,Drop off,,2490,Y,Y,Y,Y,,Drop off,,Dual stream,1165
Wendell,Jan Ameen,396,308,Drop off,,156,,,,,,Drop off,,Dual stream,80
Wenham,Jeff A. Chelgren,1340,1170,Curbside,Automated,1034,Y,,Y,,,Curbside,Automated,Dual stream,469
West Boylston,John K. Westerling,2376,2376,Curbside,,1640,,,,,,Curbside,,Dual stream,599
WEST BRIDGEWATER,--- Did Not Report ---,,0,Drop-off,,0,,,,,,Drop-off,,,0
WEST BROOKFIELD,--- Did Not Report ---,,0,Subscription,,0,,,,,,Subscription,,,0
West Newbury,Jane Krafton,1485,1473,Curbside,,1703,Y,,Y,Y,,Curbside,,Single stream,393
West Springfield,Michael Pattavina,13600,8560,Curbside,,7930,,Y,Y,Y,,Curbside,,Dual stream,1500
WEST STOCKBRIDGE,--- Did Not Report ---,,0,Drop off,,0,,,,,,Drop off,,,0
WEST TISBURY,--- Did Not Report ---,,0,Drop-off,,0,,,,,,Drop-off,,,0
WESTBOROUGH,--- Did Not Report ---,,0,Drop off,,0,,,,,,Drop off,,,0
Westfield,Barry Searle,13350,11725,Curbside,Semi-automated,13880,,Y,Y,,,Curbside,,Dual stream,2390
Westford,Kris Erickson,7170,7125,Curbside,Semi-automated,8339,Y,Y,Y,,,Curbside,Semi-automated,Single stream,2536
Westhampton,Eric Weiss,600,600,Drop off,,338,Y,,Y,Y,,Drop off,,Dual stream,220
WESTMINSTER,--- Did Not Report ---,,0,Drop-off,,0,,,,,,Curbside,,,0
Weston,Robert L. Hoffman,3350,1750,Drop off,,2139,Y,,Y,,,Drop off,,Dual stream,981
Westport,"James J. Walsh, Jr",6374,2500,Drop off,,1207,Y,,Y,Y,,Drop off,,,597
WESTWOOD,--- Did Not Report ---,,0,Curbside,,0,,,,,,Curbside,,,0
Weymouth,Robert O'connor,18750,17870,Curbside,,20828,Y,Y,Y,,,Curbside,,Single stream,3065
Whately,Jan Ameen,646,581,Drop off,,158,,,,,,Drop off,,Dual stream,120
Whitman,Paula Anderson,5133,4714,Curbside,,4951,Y,,Y,,,Curbside,,Dual stream,816
WILBRAHAM,--- Did Not Report ---,,0,Drop off,,0,,,,,,Drop off,,,0
Williamsburg,Eric Weiss,1000,1000,Drop off,,571,Y,,Y,Y,,Drop off,,Dual stream,430
Williamstown,Scott Park,2753,1046,Drop off,,637,Y,,Y,,C&D,Drop off,,Dual stream,462
WILMINGTON,--- Did Not Report ---,,0,Curbside,,0,,,,,,Curbside,,,0
WINCHENDON,--- Did Not Report ---,,0,Drop off,,0,,,,,,Drop off,,,0
Winchester,Norman Doucette,7236,5002,Drop off,,9462,Y,Y,Y,Y,C&D,Drop off,,Dual stream,1469
Windsor,Robert Bradley,328,321,Drop off,,199,Y,,Y,,,Drop off,,Dual stream,77
WINTHROP,--- Did Not Report ---,,0,Curbside,,0,,,,,,Curbside,,,0
WOBURN,--- Did Not Report ---,,0,Curbside,,0,,,,,,Curbside,,,0
Worcester,Robert J. Fiore,67000,52000,Curbside,,21571,,,Y,,,Curbside,,Single stream,8704
Worthington,Eric Weiss,500,500,Drop-off,,271,Y,,Y,Y,,Drop-off,,Dual stream,248
Wrentham,Irving Priest,3895,3741,Curbside,,2789,Y,Y,Y,,,Curbside,,Dual stream,1326
Yarmouth,Robert B. Angell,15453,8780,Drop off,,8748,,,,,,Drop off,,Dual stream,1491
,,,,,,,,,,,,,,,
